Timestamp,Stock,Date,Current_Price,Current_Day_Prediction,Error_Rate_Percent,Accuracy_Percent,Date_1,Price_1,Date_2,Price_2,Date_3,Price_3,Date_4,Price_4,Date_5,Price_5
2025-02-20 08:00:00,TATAMOTORS.NS,2025-02-20,689.7999877929688,775.2970899164648,12.3944771870823,87.6055228129177,2025-02-21,778.5939153583316,2025-02-22,782.161800624888,2025-02-23,786.5440194890258,2025-02-24,796.4173545430406,2025-02-25,801.8113219560855
2025-02-21 08:00:00,TATAMOTORS.NS,2025-02-21,673.2000122070312,777.9587788011977,15.561313828667856,84.43868617133214,2025-02-22,765.714549904474,2025-02-23,751.4994625534816,2025-02-24,754.343963396135,2025-02-25,765.2690320672109,2025-02-26,765.2061502086433
2025-02-24 08:00:00,TATAMOTORS.NS,2025-02-24,668.25,764.1071425294995,14.344503184362061,85.65549681563795,2025-02-25,767.400974104662,2025-02-26,772.8030055815707,2025-02-27,770.2578216621167,2025-02-28,774.3397513413368,2025-03-01,779.1161429938276
2025-02-25 08:00:00,TATAMOTORS.NS,2025-02-25,661.5999755859375,751.5617616252439,13.597610241692179,86.40238975830782,2025-02-26,747.8737656868537,2025-02-27,753.392198678351,2025-02-28,744.7590535315612,2025-03-01,754.3200728283401,2025-03-02,761.6721726423492
2025-02-27 08:00:00,TATAMOTORS.NS,2025-02-27,648.5499877929688,741.8517626456087,14.386211796896045,85.61378820310395,2025-02-28,736.1407616859365,2025-03-01,723.8469460707764,2025-03-02,728.716116879222,2025-03-03,730.1832478927528,2025-03-04,740.3116188651265
2025-02-28 08:00:00,TATAMOTORS.NS,2025-02-28,620.6500244140625,725.6049063294868,16.910477368386328,83.08952263161368,2025-03-01,722.6795556153027,2025-03-02,714.6416528279709,2025-03-03,724.102830323153,2025-03-04,711.9640233932292,2025-03-05,722.0696109958068
2025-03-03 08:00:00,TATAMOTORS.NS,2025-03-03,621.1500244140625,698.7094110559283,12.486417708029295,87.5135822919707,2025-03-04,708.0822007025864,2025-03-05,695.2257596585979,2025-03-06,681.4641765817074,2025-03-07,686.7493382333821,2025-03-08,688.7928979512681
2025-03-04 08:00:00,TATAMOTORS.NS,2025-03-04,619.2000122070312,688.1084156110392,11.128617901410538,88.87138209858946,2025-03-05,686.8887352062686,2025-03-06,677.9967206915272,2025-03-07,671.8895890320804,2025-03-08,675.2162247458268,2025-03-09,661.9673654881897
2025-03-05 08:00:00,TATAMOTORS.NS,2025-03-05,640.7999877929688,683.1356327084304,6.606686286195681,93.39331371380432,2025-03-06,672.2639587051962,2025-03-07,660.3025880604968,2025-03-08,651.9877156604115,2025-03-09,661.6329906380475,2025-03-10,663.3459469333246
2025-03-06 08:00:00,TATAMOTORS.NS,2025-03-06,639.6500244140625,692.4363718225959,8.252379487812448,91.74762051218755,2025-03-07,700.4669942267162,2025-03-08,705.3546647078941,2025-03-09,709.5246264699314,2025-03-10,719.745300333261,2025-03-11,707.6649344116313
2025-03-07 08:00:00,TATAMOTORS.NS,2025-03-07,648.2999877929688,693.2479159294435,6.933198979301634,93.06680102069836,2025-03-08,703.378626744235,2025-03-09,701.9307512774378,2025-03-10,701.290312046562,2025-03-11,690.8827545304276,2025-03-12,703.3371855344941
2025-03-10 08:00:00,TATAMOTORS.NS,2025-03-10,648.1500244140625,693.6340167229282,7.017509927579487,92.98249007242052,2025-03-11,693.9859957347701,2025-03-12,692.0887762299541,2025-03-13,678.9865979090685,2025-03-14,671.6513203645301,2025-03-15,672.5210375756313
2025-03-11 08:00:00,TATAMOTORS.NS,2025-03-11,648.0499877929688,691.990350418162,6.780397107148907,93.2196028928511,2025-03-12,705.2333498374413,2025-03-13,717.4748426139931,2025-03-14,731.5463406835986,2025-03-15,739.0062696625001,2025-03-16,752.83721281912
2025-03-12 08:00:00,TATAMOTORS.NS,2025-03-12,668.2999877929688,687.9059829998932,2.9337117409911113,97.06628825900889,2025-03-13,684.2431395641523,2025-03-14,694.3106289711262,2025-03-15,693.158633195823,2025-03-16,689.9876776871326,2025-03-17,703.0086157999672
2025-03-13 08:00:00,TATAMOTORS.NS,2025-03-13,655.5,697.2877788660062,6.374947195424285,93.62505280457572,2025-03-14,703.0338862146916,2025-03-15,690.1032739304147,2025-03-16,686.6096299833723,2025-03-17,681.6678202606563,2025-03-18,692.695683330366
2025-03-17 08:00:00,TATAMOTORS.NS,2025-03-17,661.0499877929688,691.2948806962031,4.575280759661192,95.4247192403388,2025-03-18,680.2168119935236,2025-03-19,686.5166837193,2025-03-20,681.7977549170557,2025-03-21,671.6720068113387,2025-03-22,683.8867747189292
2025-03-18 08:00:00,TATAMOTORS.NS,2025-03-18,661.0499877929688,688.3501907420632,4.129824287606595,95.8701757123934,2025-03-19,676.0661256530863,2025-03-20,673.5266480465438,2025-03-21,667.5765419985604,2025-03-22,656.0948207158793,2025-03-23,664.3539478817771
2025-03-19 08:00:00,TATAMOTORS.NS,2025-03-19,682.25,688.2662739842381,0.8818283597270895,99.1181716402729,2025-03-20,680.6846402603824,2025-03-21,668.5040582725475,2025-03-22,675.2104254216033,2025-03-23,682.3293966480676,2025-03-24,689.1506956038238
2025-03-20 08:00:00,TATAMOTORS.NS,2025-03-20,690.0499877929688,700.852532045672,1.5654727112239653,98.43452728877604,2025-03-21,709.1724063754876,2025-03-22,709.0650624543706,2025-03-23,716.770511777453,2025-03-24,709.8329399155566,2025-03-25,696.9105553762507
2025-03-21 08:00:00,TATAMOTORS.NS,2025-03-21,702.9500122070312,712.8103561326698,1.4027091193412584,98.59729088065875,2025-03-22,720.6198584112316,2025-03-23,725.0431513846428,2025-03-24,728.3594035809266,2025-03-25,717.1254036596082,2025-03-26,714.4566218307049
2025-03-24 08:00:00,TATAMOTORS.NS,2025-03-24,713.5,724.4078892353227,1.5287861577186723,98.47121384228133,2025-03-25,736.3678980606877,2025-03-26,726.0638142256732,2025-03-27,726.404507943825,2025-03-28,732.7263660523105,2025-03-29,731.523316836916
2025-03-25 08:00:00,TATAMOTORS.NS,2025-03-25,710.2999877929688,737.1718164423764,3.7831661426467633,96.21683385735324,2025-03-26,725.2126157239616,2025-03-27,736.6859006049626,2025-03-28,734.9179580218588,2025-03-29,723.6446568412046,2025-03-30,721.144141729541
2025-03-26 08:00:00,TATAMOTORS.NS,2025-03-26,708.25,738.1314530486943,4.219054436808233,95.78094556319176,2025-03-27,730.9830405290013,2025-03-28,725.3057629191602,2025-03-29,739.4859444228783,2025-03-30,747.2429677664081,2025-03-31,746.7560545719797
2025-03-27 08:00:00,TATAMOTORS.NS,2025-03-27,668.5499877929688,736.3882445881372,10.147073223218142,89.85292677678186,2025-03-28,736.1265977737964,2025-03-29,736.1614710213723,2025-03-30,741.1016352473223,2025-03-31,745.0245261352769,2025-04-01,732.6979566439074
2025-03-28 08:00:00,TATAMOTORS.NS,2025-03-28,674.4500122070312,704.7724840040955,4.495881273370991,95.504118726629,2025-03-29,712.6155336839945,2025-03-30,725.0364612348668,2025-03-31,713.3580479848048,2025-04-01,702.9935837287626,2025-04-02,714.0116951143541
2025-04-01 08:00:00,TATAMOTORS.NS,2025-04-01,671.8499755859375,699.0757010769921,4.052351935759225,95.94764806424078,2025-04-02,705.7645143710039,2025-04-03,696.4947998357757,2025-04-04,693.0926757641364,2025-04-05,680.542845072476,2025-04-06,669.0695350428249
2025-04-02 08:00:00,TATAMOTORS.NS,2025-04-02,671.9000244140625,702.1803420915585,4.50667012609536,95.49332987390464,2025-04-03,692.5180651007933,2025-04-04,701.0466823366604,2025-04-05,712.737513298783,2025-04-06,716.0302191248477,2025-04-07,716.07487119286
2025-04-03 08:00:00,TATAMOTORS.NS,2025-04-03,653.9500122070312,701.8871566109774,7.330398885101623,92.66960111489837,2025-04-04,688.7684441602669,2025-04-05,685.1175829596749,2025-04-06,680.3416349287884,2025-04-07,671.8231163140757,2025-04-08,667.3505127352663
2025-04-04 08:00:00,TATAMOTORS.NS,2025-04-04,613.8499755859375,688.2396968564481,12.118550823351166,87.88144917664883,2025-04-05,701.0730758274502,2025-04-06,707.0583269688688,2025-04-07,701.9303739792225,2025-04-08,693.0117606438396,2025-04-09,687.9758723512523
2025-04-07 08:00:00,TATAMOTORS.NS,2025-04-07,579.75,575.7747718505859,0.6856797152935021,99.3143202847065,2025-04-08,568.235447145092,2025-04-09,569.4051638575778,2025-04-10,568.8135461037735,2025-04-11,568.5973544321319,2025-04-12,562.8937282643357
